"Full Name","Job Title","Total Sales Amount Excluding Discount","Total Unique Orders","Total Orders","Average Product Amount Excluding Discount","Average Order Amount Excluding Discount","Total Discount Amount","Total Sales Amount Including Discount","Total Discount Percentage"
"Margaret Peacock","Sales Representative","232890.84598203757","156","420","554.50","1492.89","17296.60427097226","250187.4502530098","6.91"
"Janet Leverling","Sales Representative","202812.84238787479","127","321","631.82","1596.95","10238.457092086588","213051.2994799614","4.81"
"Nancy Davolio","Sales Representative","192107.604656892","123","345","556.83","1561.85","10036.105651659767","202143.7103085518","4.96"
"Andrew Fuller","Vice President, Sales","166537.75528742478","96","241","691.03","1734.77","11211.50518916443","177749.2604765892","6.31"
"Robert King","Sales Representative","124568.2348510356","72","176","707.77","1730.11","16727.755251732357","141295.99010276794","11.84"
"Laura Callahan","Inside Sales Coordinator","126862.27747787615","104","260","487.93","1219.83","6438.752587660327","133301.0300655365","4.83"
"Anne Dodsworth","Sales Representative","77308.06623830303","43","107","722.51","1797.86","5655.933579545184","82963.9998178482","6.82"
"Michael Suyama","Sales Representative","73913.12937797054","67","168","439.96","1103.18","4284.970555653728","78198.09993362427","5.48"
"Steven Buchanan","Sales Manager","68792.2823939496","42","117","587.97","1637.91","6775.467609388271","75567.75000333786","8.97"
